,label,gene,study
1,ASD,AAGAB,2
4,ASD,AASDHPPT,2
5,ASD,AATK,2
7,ASD,ABCA1,3
8,ASD,ABCA10,3
15,ASD,ABCB9,2
16,ASD,ABCC12,2
18,ASD,ABCC8,2
22,ASD,ABCG2,3
23,ASD,ABCG4,3
25,ASD,ABHD12,3
31,ASD,ABHD2,2
32,ASD,ABHD3,3
33,ASD,ABHD4,2
36,ASD,ABLIM2,2
39,ASD,ABTB1,2
50,ASD,AC005592.1,2
58,ASD,AC011322.1,2
85,ASD,AC140542.2,2
89,ASD,ACAA2,3
95,ASD,ACKR3,2
96,ASD,ACLY,2
97,ASD,ACO1,2
101,ASD,ACOX2,2
106,ASD,ACSF2,2
109,ASD,ACSS3,2
113,ASD,ACTR1A,2
114,ASD,ACTR1B,3
115,ASD,ACTR3C,2
117,ASD,ACY3,2
121,ASD,ADAM22,3
122,ASD,ADAM23,3
126,ASD,ADAMTSL1,2
131,ASD,ADCK1,2
133,ASD,ADCY1,2
134,ASD,ADCYAP1R1,2
138,ASD,ADH5,2
140,ASD,ADIRF-AS1,2
142,ASD,ADO,2
143,ASD,ADORA1,3
147,ASD,ADRA1D,2
149,ASD,ADSS,2
151,ASD,AEN,2
153,ASD,AFF1,3
154,ASD,AFF4,3
155,ASD,AFG3L2,3
157,ASD,AGK,2
163,ASD,AGTRAP,2
167,ASD,AHNAK,2
169,ASD,AIDA,2
174,ASD,AK3,3
175,ASD,AK4,3
178,ASD,AKAP13,3
179,ASD,AKAP6,3
181,ASD,AKR1C3,3
188,ASD,ALDH18A1,2
194,ASD,ALDH4A1,2
198,ASD,ALDH9A1,2
199,ASD,ALG13,2
204,ASD,ALPK1,2
208,ASD,AMOT,2
210,ASD,ANAPC1,3
211,ASD,ANAPC15,2
214,ASD,ANAPC5,3
215,ASD,ANAPC7,3
221,ASD,ANK3,3
243,ASD,ANKS6,2
245,ASD,ANO6,3
246,ASD,ANTXR2,2
248,ASD,ANXA2,2
250,ASD,ANXA6,3
255,ASD,AP1AR,2
264,ASD,APBB1,3
273,ASD,APOBEC3F,2
274,ASD,APOC1,3
276,ASD,APOE,3
278,ASD,APOL6,2
280,ASD,APPBP2,2
288,ASD,ARF5,2
292,ASD,ARFGEF2,3
293,ASD,ARHGAP18,3
298,ASD,ARHGAP42,3
299,ASD,ARHGAP44,3
300,ASD,ARHGAP5,3
301,ASD,ARHGAP5-AS1,3
302,ASD,ARHGAP6,3
306,ASD,ARHGEF2,2
307,ASD,ARHGEF26,3
311,ASD,ARHGEF40,2
315,ASD,ARHGEF9,2
316,ASD,ARID3A,2
317,ASD,ARID5A,2
320,ASD,ARIH2,3
323,ASD,ARL6,3
326,ASD,ARMC1,2
332,ASD,ARMCX5,2
333,ASD,ARMCX6,2
338,ASD,ARRDC3,3
342,ASD,ASAH2B,2
344,ASD,ASAP3,3
345,ASD,ASB13,3
346,ASD,ASB8,3
350,ASD,ASH2L,3
362,ASD,ATG14,2
363,ASD,ATG16L1,3
365,ASD,ATG2B,3
366,ASD,ATG4D,3
369,ASD,ATL1,3
371,ASD,ATOH8,2
373,ASD,ATP10D,2
375,ASD,ATP1A1,3
377,ASD,ATP1B1,3
380,ASD,ATP2B1,3
381,ASD,ATP2B2,3
383,ASD,ATP5A1,3
384,ASD,ATP5B,3
386,ASD,ATP5D,2
387,ASD,ATP5G1,2
392,ASD,ATP6AP2,2
395,ASD,ATP6V0E1,3
397,ASD,ATP6V1A,2
399,ASD,ATP6V1C1,2
400,ASD,ATP6V1E1,3
404,ASD,ATR,3
405,ASD,ATRN,3
406,ASD,ATRNL1,2
411,ASD,AUH,2
424,ASD,BACE2,2
428,ASD,BAG3,3
436,ASD,BAZ1A,2
439,ASD,BBS7,3
442,ASD,BCAR3,2
443,ASD,BCAS3,2
444,ASD,BCCIP,3
447,ASD,BCL11A,2
452,ASD,BCL2L2,2
454,ASD,BCL6,2
458,ASD,BECN1,3
463,ASD,BEX5,2
464,ASD,BIRC3,3
467,ASD,BLVRB,2
468,ASD,BMP2K,3
470,ASD,BMPR1A,2
472,ASD,BMPR1B,2
474,ASD,BNIP2,2
475,ASD,BNIP3L,2
477,ASD,BRAF,2
481,ASD,BRSK1,2
485,ASD,BST2,2
490,ASD,BTF3L4,3
491,ASD,BTG1,3
493,ASD,BTG3,2
497,ASD,BTN3A1,2
499,ASD,BTN3A3,2
509,ASD,C12orf10,3
512,ASD,C12orf68,3
520,ASD,C16orf45,3
524,ASD,C16orf89,2
525,ASD,C17orf67,2
526,ASD,C17orf75,2
537,ASD,C1QL1,2
539,ASD,C1R,3
540,ASD,C1S,2
545,ASD,C1orf233,2
547,ASD,C1orf86,2
550,ASD,C20orf166-AS1,2
554,ASD,C2CD2L,2
556,ASD,C2CD5,3
565,ASD,C3orf18,2
568,ASD,C3orf80,2
570,ASD,C4A,2
572,ASD,C4B,2
574,ASD,C4orf27,3
576,ASD,C5AR1,3
579,ASD,C6orf118,3
580,ASD,C6orf136,2
590,ASD,CA12,3
591,ASD,CA13,2
595,ASD,CABP1,3
597,ASD,CACHD1,3
598,ASD,CACNA2D2,2
599,ASD,CACNA2D3,2
600,ASD,CACNB1,2
601,ASD,CACNB4,2
602,ASD,CACNG2,2
605,ASD,CADM1,2
607,ASD,CADPS,3
608,ASD,CADPS2,2
611,ASD,CALM2,3
616,ASD,CAMK2G,3
617,ASD,CAMK4,3
618,ASD,CAMKK2,2
620,ASD,CAMTA1,3
622,ASD,CAND1,2
623,ASD,CAND2,2
631,ASD,CAPS2,2
636,ASD,CARNS1,2
637,ASD,CARS2,2
638,ASD,CASC10,2
641,ASD,CASD1,2
644,ASD,CASP4,2
645,ASD,CASP7,2
648,ASD,CBFB,3
656,ASD,CCDC104,2
657,ASD,CCDC11,2
665,ASD,CCDC136,2
668,ASD,CCDC18,3
669,ASD,CCDC25,3
676,ASD,CCDC8,2
685,ASD,CCNG1,3
694,ASD,CD14,2
697,ASD,CD180,2
699,ASD,CD300A,2
703,ASD,CD34,2
705,ASD,CD4,2
706,ASD,CD40,2
707,ASD,CD44,2
708,ASD,CD46,2
711,ASD,CD58,3
712,ASD,CD59,3
713,ASD,CD63,3
716,ASD,CD81,2
717,ASD,CD83,2
719,ASD,CD99,3
720,ASD,CD99L2,3
721,ASD,CD99P1,2
723,ASD,CDC40,2
724,ASD,CDC42EP4,2
728,ASD,CDCP1,2
731,ASD,CDK12,2
732,ASD,CDK14,3
742,ASD,CDKN1A,3
746,ASD,CDKN2C,2
752,ASD,CEBPB,2
756,ASD,CECR6,2
757,ASD,CELSR2,3
767,ASD,CERCAM,3
775,ASD,CFLAR,2
778,ASD,CHAF1A,2
784,ASD,CHGA,3
787,ASD,CHI3L2,2
788,ASD,CHIC1,3
792,ASD,CHML,2
793,ASD,CHMP3,2
796,ASD,CHN1,2
797,ASD,CHORDC1,2
799,ASD,CHPT1,3
803,ASD,CHRNB3,2
804,ASD,CHST11,3
808,ASD,CHSY1,2
814,ASD,CIDEA,3
822,ASD,CKAP5,2
825,ASD,CLASP2,3
826,ASD,CLCN3,3
827,ASD,CLCN4,3
829,ASD,CLDN10,2
833,ASD,CLEC2L,3
834,ASD,CLIC1,2
841,ASD,CLSTN3,2
843,ASD,CLU,3
846,ASD,CMAS,2
847,ASD,CMC2,2
850,ASD,CMTM6,2
854,ASD,CNN3,3
857,ASD,CNOT6,3
860,ASD,CNTNAP1,2
865,ASD,COG5,2
868,ASD,COL19A1,2
871,ASD,COL25A1,3
879,ASD,COL9A3,2
880,ASD,COLGALT1,3
882,ASD,COPG1,2
883,ASD,COPS3,2
884,ASD,COPS7A,3
889,ASD,CORO2A,3
890,ASD,CORO2B,2
898,ASD,COX7A1,3
904,ASD,CPLX1,3
905,ASD,CPLX2,2
906,ASD,CPNE3,3
917,ASD,CRH,2
921,ASD,CRTAC1,3
924,ASD,CSF1,2
925,ASD,CSF2RB,2
928,ASD,CSRNP3,2
931,ASD,CSTB,3
933,ASD,CTB-113P19.4,2
935,ASD,CTB-31O20.2,2
938,ASD,CTBP2,2
940,ASD,CTC-228N24.3,2
957,ASD,CTPS1,2
958,ASD,CTSC,3
962,ASD,CTSZ,2
963,ASD,CTTNBP2,2
964,ASD,CTXN3,2
967,ASD,CUTA,2
970,ASD,CXCL16,2
971,ASD,CXCL5,2
983,ASD,CYP11A1,2
993,ASD,CYP4F11,2
999,ASD,DACT2,2
1002,ASD,DAGLA,2
1008,ASD,DCAF8,3
1011,ASD,DCLK1,2
1013,ASD,DCTN1,2
1014,ASD,DCTN1-AS1,2
1015,ASD,DCTN2,3
1018,ASD,DCUN1D2,3
1019,ASD,DCUN1D4,2
1021,ASD,DDAH2,3
1025,ASD,DDHD2,3
1028,ASD,DDIT4L,2
1029,ASD,DDR2,2
1030,ASD,DDX1,3
1032,ASD,DDX25,2
1036,ASD,DDX58,2
1038,ASD,DDX60L,2
1042,ASD,DEPDC5,3
1044,ASD,DERL1,2
1050,ASD,DGCR9,2
1052,ASD,DGKI,3
1054,ASD,DHCR24,2
1056,ASD,DHRS3,3
1061,ASD,DHX34,3
1062,ASD,DHX36,2
1063,ASD,DHX57,2
1066,ASD,DIRAS1,3
1067,ASD,DIRAS2,3
1069,ASD,DLAT,3
1074,ASD,DLGAP1,3
1083,ASD,DNAJA4,2
1084,ASD,DNAJB1,2
1090,ASD,DNAJC18,3
1094,ASD,DNAJC3,2
1095,ASD,DNAJC3-AS1,2
1097,ASD,DNAJC6,2
1098,ASD,DNALI1,3
1102,ASD,DNM1L,3
1103,ASD,DNM3,2
1104,ASD,DNMBP,2
1105,ASD,DNPEP,2
1106,ASD,DOCK3,2
1108,ASD,DOCK7,2
1112,ASD,DOPEY2,3
1115,ASD,DPP10,2
1117,ASD,DPP8,2
1121,ASD,DPY19L3,2
1122,ASD,DPYSL3,3
1126,ASD,DSC2,3
1127,ASD,DSE,3
1128,ASD,DTD1,2
1132,ASD,DTX3L,2
1139,ASD,DYNC1I1,2
1140,ASD,DYNC1LI1,2
1144,ASD,DYRK3,3
1145,ASD,DZIP1L,3
1146,ASD,E2F1,2
1148,ASD,EBNA1BP2,2
1151,ASD,EDA,2
1154,ASD,EDN3,3
1169,ASD,EFNB1,2
1174,ASD,EHBP1L1,2
1176,ASD,EHD4,3
1179,ASD,EID2,2
1186,ASD,EIF3F,2
1190,ASD,EIF3K,3
1192,ASD,EIF4E,2
1195,ASD,EIF4EBP1,3
1199,ASD,EIF5A2,3
1204,ASD,ELK1,2
1216,ASD,EMILIN1,3
1217,ASD,EMILIN3,3
1221,ASD,EMP1,3
1222,ASD,EMP3,3
1226,ASD,ENAH,3
1231,ASD,ENO2,3
1233,ASD,ENOPH1,2
1240,ASD,ENY2,3
1242,ASD,EPB41L3,2
1247,ASD,EPHB6,2
1248,ASD,EPHX1,2
1251,ASD,EPS15,3
1252,ASD,EPS8,3
1256,ASD,ERBB2,2
1261,ASD,ERLEC1,2
1262,ASD,ERLIN1,2
1263,ASD,ERLIN2,2
1269,ASD,EVC2,3
1273,ASD,EXTL1,2
1274,ASD,EXTL2,3
1276,ASD,EYA2,3
1279,ASD,EZR,3
1281,ASD,F2R,2
1284,ASD,FAAH,2
1286,ASD,FABP5,2
1289,ASD,FAH,3
1291,ASD,FAHD2CP,2
1292,ASD,FAM101B,2
1295,ASD,FAM107A,3
1304,ASD,FAM126A,2
1307,ASD,FAM129A,2
1309,ASD,FAM131A,2
1310,ASD,FAM131B,3
1313,ASD,FAM134A,2
1315,ASD,FAM157A,2
1318,ASD,FAM161A,2
1323,ASD,FAM174A,2
1325,ASD,FAM181A-AS1,2
1331,ASD,FAM192A,3
1335,ASD,FAM212B,2
1336,ASD,FAM216A,2
1337,ASD,FAM217B,2
1338,ASD,FAM219A,2
1341,ASD,FAM221A,2
1344,ASD,FAM228A,2
1349,ASD,FAM43B,2
1350,ASD,FAM46A,2
1352,ASD,FAM46C,2
1354,ASD,FAM49B,3
1358,ASD,FAM66C,2
1360,ASD,FAM69A,2
1362,ASD,FAM73A,3
1365,ASD,FAM78B,2
1366,ASD,FAM81A,3
1375,ASD,FANCM,2
1378,ASD,FARSA,3
1379,ASD,FARSB,3
1380,ASD,FAS,2
1384,ASD,FBLN7,3
1392,ASD,FBXO25,3
1394,ASD,FBXO30,2
1399,ASD,FBXO8,3
1400,ASD,FBXO9,3
1403,ASD,FBXW7,3
1410,ASD,FCGR2A,2
1414,ASD,FCHO1,2
1415,ASD,FDPS,2
1420,ASD,FERMT2,3
1421,ASD,FERMT3,3
1425,ASD,FGD4,3
1426,ASD,FGD6,2
1427,ASD,FGF11,2
1428,ASD,FGF12,3
1430,ASD,FGF14,3
1431,ASD,FGF2,3
1433,ASD,FGFR1,2
1434,ASD,FGFRL1,2
1436,ASD,FGL1,2
1437,ASD,FH,2
1439,ASD,FHOD1,3
1440,ASD,FIBP,3
1441,ASD,FIS1,3
1442,ASD,FKBP10,3
1444,ASD,FKBP14,3
1448,ASD,FLNA,3
1455,ASD,FNDC3A,3
1456,ASD,FNDC3B,3
1458,ASD,FNDC5,2
1460,ASD,FOXJ1,3
1463,ASD,FPR1,2
1467,ASD,FRG1,3
1477,ASD,FSD1,2
1480,ASD,FSTL4,2
1481,ASD,FTH1,2
1482,ASD,FTL,3
1483,ASD,FTLP3,2
1484,ASD,FTSJ1,3
1494,ASD,FYCO1,2
1496,ASD,FZD1,3
1502,ASD,GABARAPL1,2
1506,ASD,GABRA1,3
1509,ASD,GABRB2,3
1511,ASD,GABRD,2
1512,ASD,GABRE,3
1517,ASD,GAD2,2
1519,ASD,GADD45G,3
1520,ASD,GALM,3
1521,ASD,GALNT10,2
1524,ASD,GALNT6,2
1526,ASD,GARNL3,3
1528,ASD,GAS7,2
1530,ASD,GATS,2
1535,ASD,GBP1,2
1545,ASD,GDPD1,3
1547,ASD,GEM,3
1551,ASD,GFPT2,2
1562,ASD,GJA1,2
1565,ASD,GLCE,2
1568,ASD,GLIS3,3
1569,ASD,GLMN,3
1570,ASD,GLRB,2
1572,ASD,GLS2,3
1574,ASD,GLUD1,2
1581,ASD,GMPS,2
1582,ASD,GNA12,3
1583,ASD,GNA13,3
1586,ASD,GNAI3,3
1588,ASD,GNB1,2
1590,ASD,GNB5,2
1591,ASD,GNG12,3
1592,ASD,GNG3,2
1594,ASD,GNG5,2
1597,ASD,GNRHR2,2
1602,ASD,GOLM1,2
1604,ASD,GOT1,3
1609,ASD,GPCPD1,3
1614,ASD,GPIHBP1,2
1615,ASD,GPLD1,3
1617,ASD,GPR12,3
1620,ASD,GPR137B,3
1621,ASD,GPR137C,2
1623,ASD,GPR158,3
1629,ASD,GPR61,3
1632,ASD,GPR85,3
1643,ASD,GRAMD1B,2
1648,ASD,GRID1,2
1652,ASD,GRIN2A,3
1659,ASD,GS1-72M22.1,2
1660,ASD,GSDMD,2
1662,ASD,GSK3B,2
1664,ASD,GSTA4,2
1667,ASD,GTF2A1L,2
1670,ASD,GTF3C6,3
1681,ASD,HACL1,2
1689,ASD,HAP1,2
1691,ASD,HAPLN4,2
1692,ASD,HAR1A,2
1703,ASD,HCLS1,2
1704,ASD,HCN1,2
1706,ASD,HCN4,2
1708,ASD,HDAC1,2
1715,ASD,HEATR5B,2
1716,ASD,HEBP2,2
1717,ASD,HECW1,2
1718,ASD,HECW2,2
1719,ASD,HELZ2,2
1721,ASD,HENMT1,3
1723,ASD,HERC2,2
1724,ASD,HERC3,2
1725,ASD,HERC5,2
1727,ASD,HGF,3
1733,ASD,HIC1,2
1734,ASD,HID1,2
1735,ASD,HIF1A,2
1738,ASD,HINT1,2
1741,ASD,HIST1H1C,2
1745,ASD,HIST1H2AG,3
1749,ASD,HIST1H2BD,2
1751,ASD,HIST1H2BJ,2
1755,ASD,HIST1H3J,2
1765,ASD,HIST2H2BE,2
1766,ASD,HIST2H2BF,3
1770,ASD,HIVEP2,2
1775,ASD,HLA-B,2
1780,ASD,HLTF,2
1783,ASD,HMCN1,2
1784,ASD,HMG20A,2
1785,ASD,HMG20B,2
1791,ASD,HMGN1,2
1795,ASD,HMOX1,3
1806,ASD,HR,3
1808,ASD,HS3ST5,2
1816,ASD,HSF1,2
1827,ASD,HSPA6,2
1829,ASD,HSPB1,3
1832,ASD,HSPB8,2
1834,ASD,HSPD1,2
1840,ASD,HYLS1,2
1842,ASD,ICA1,3
1847,ASD,IDH1,2
1848,ASD,IDH3A,3
1852,ASD,IFI16,3
1855,ASD,IFI6,2
1856,ASD,IFIH1,2
1859,ASD,IFITM2,2
1864,ASD,IFRD1,2
1867,ASD,IFT52,2
1869,ASD,IGDCC4,2
1871,ASD,IGFBP5,3
1874,ASD,IGSF21,2
1875,ASD,IGSF8,2
1876,ASD,IKBIP,3
1880,ASD,IL17RB,2
1882,ASD,IL17REL,2
1891,ASD,IL33,3
1892,ASD,IL4I1,2
1896,ASD,IL6ST,3
1898,ASD,IMPAD1,3
1899,ASD,INA,2
1906,ASD,INPP5F,3
1907,ASD,INPP5J,3
1914,ASD,INTU,3
1915,ASD,IPCEF1,3
1917,ASD,IPO13,2
1920,ASD,IQCB1,2
1923,ASD,IQSEC1,2
1924,ASD,IQSEC3,2
1925,ASD,IRAK2,2
1929,ASD,IRF7,2
1930,ASD,IRF9,2
1931,ASD,IRGQ,3
1932,ASD,ISCA1,2
1933,ASD,ISG15,2
1935,ASD,ITFG1,3
1938,ASD,ITGAV,3
1940,ASD,ITGB3,2
1943,ASD,ITIH5,2
1944,ASD,ITM2A,3
1945,ASD,ITPK1,2
1949,ASD,ITPRIP,2
1950,ASD,ITPRIPL2,2
1956,ASD,JUN,2
1963,ASD,KATNB1,2
1967,ASD,KBTBD3,2
1968,ASD,KBTBD4,2
1971,ASD,KCNA1,3
1972,ASD,KCNA2,3
1973,ASD,KCNAB1,3
1975,ASD,KCNAB3,2
1976,ASD,KCNB1,2
1979,ASD,KCNC3,2
1980,ASD,KCNE4,3
1983,ASD,KCNH8,3
1986,ASD,KCNJ11,3
1990,ASD,KCNK13,2
1993,ASD,KCNN3,2
1997,ASD,KCNS1,2
1999,ASD,KCNS3,3
2005,ASD,KCTD6,2
2007,ASD,KDM1B,3
2008,ASD,KDM2B,2
2009,ASD,KDM3A,2
2015,ASD,KIAA0226L,3
2018,ASD,KIAA0368,2
2023,ASD,KIAA1279,2
2026,ASD,KIAA1456,2
2028,ASD,KIAA1467,3
2031,ASD,KIAA1841,2
2041,ASD,KIF7,2
2043,ASD,KIFAP3,3
2044,ASD,KIFC1,2
2051,ASD,KLF13,2
2053,ASD,KLF5,2
2055,ASD,KLF9,2
2056,ASD,KLHDC2,3
2057,ASD,KLHDC3,3
2062,ASD,KLHL21,2
2064,ASD,KLHL3,2
2066,ASD,KLHL6,2
2072,ASD,KRBA1,2
2074,ASD,KRT222,2
2083,ASD,LACTB,3
2090,ASD,LANCL1,3
2091,ASD,LAP3,2
2092,ASD,LAPTM4A,2
2096,ASD,LARP6,3
2101,ASD,LCA5,2
2102,ASD,LCMT1,2
2104,ASD,LCP1,2
2110,ASD,LEPREL1,3
2113,ASD,LGALS3,3
2117,ASD,LGI3,3
2119,ASD,LGR4,2
2121,ASD,LHFPL1,3
2125,ASD,LHX2,2
2132,ASD,LIMD1,3
2134,ASD,LIMK2,2
2135,ASD,LIMS1,2
2137,ASD,LIN54,2
2150,ASD,LINC00683,2
2161,ASD,LINC00998,2
2174,ASD,LMAN1,2
2177,ASD,LMBRD1,2
2183,ASD,LNP1,3
2187,ASD,LONRF3,3
2189,ASD,LPCAT4,3
2191,ASD,LPHN1,2
2192,ASD,LPIN1,3
2194,ASD,LPP,3
2197,ASD,LRCH2,2
2201,ASD,LRIF1,2
2202,ASD,LRP10,2
2204,ASD,LRP8,3
2207,ASD,LRRC16A,2
2214,ASD,LRRC47,2
2218,ASD,LRRC8B,2
2223,ASD,LRRTM3,2
2224,ASD,LRTM2,2
2230,ASD,LSP1,2
2231,ASD,LSR,2
2233,ASD,LTBP1,2
2234,ASD,LTBR,3
2235,ASD,LTN1,3
2240,ASD,LYN,2
2241,ASD,LYNX1,3
2243,ASD,LYPLAL1,2
2244,ASD,LYRM4,2
2248,ASD,LZTS1,2
2253,ASD,MAFF,2
2258,ASD,MAGEE1,2
2264,ASD,MAML2,3
2268,ASD,MANSC1,2
2269,ASD,MAOA,2
2270,ASD,MAOB,2
2278,ASD,MAP2K3,3
2280,ASD,MAP2K7,2
2288,ASD,MAP3K9,2
2291,ASD,MAP6D1,2
2294,ASD,MAP7D3,3
2295,ASD,MAP9,2
2302,ASD,MAPK9,3
2303,ASD,MAPKAPK2,3
2304,ASD,MAPKAPK3,3
2309,ASD,MARCH3,3
2316,ASD,MAT2B,2
2321,ASD,MBTPS2,3
2325,ASD,MCAT,2
2326,ASD,MCC,2
2327,ASD,MCF2,2
2329,ASD,MCL1,3
2333,ASD,MCOLN1,2
2335,ASD,MCRS1,3
2336,ASD,MDFI,2
2337,ASD,MDFIC,3
2338,ASD,MDGA2,2
2339,ASD,MDH1,2
2341,ASD,MDK,3
2343,ASD,ME1,2
2351,ASD,MERTK,2
2352,ASD,MESDC2,2
2353,ASD,METAP1,2
2362,ASD,MEX3A,2
2366,ASD,MFN1,3
2367,ASD,MFN2,2
2368,ASD,MFSD3,2
2369,ASD,MFSD6,2
2377,ASD,MGST1,3
2384,ASD,MID1,3
2388,ASD,MIR600HG,2
2389,ASD,MKNK2,2
2393,ASD,MLF1,2
2398,ASD,MLTK,2
2401,ASD,MMP14,2
2407,ASD,MOAP1,2
2408,ASD,MOB1A,3
2409,ASD,MOB1B,2
2412,ASD,MOB3C,2
2414,ASD,MON2,2
2416,ASD,MORC4,2
2421,ASD,MOV10,2
2427,ASD,MPPED2,3
2429,ASD,MPZL1,2
2430,ASD,MR1,3
2434,ASD,MRPL2,2
2435,ASD,MRPL37,2
2445,ASD,MRPS9,3
2450,ASD,MSI2,2
2452,ASD,MSN,3
2460,ASD,MT2A,2
2465,ASD,MTFMT,2
2470,ASD,MTMR11,3
2471,ASD,MTMR2,3
2472,ASD,MTMR3,2
2473,ASD,MTMR4,2
2475,ASD,MTMR7,2
2482,ASD,MTX2,2
2483,ASD,MTX3,2
2490,ASD,MXD1,2
2497,ASD,MYCL,3
2502,ASD,MYH7,2
2503,ASD,MYH7B,2
2507,ASD,MYO1F,2
2514,ASD,MYSM1,2
2515,ASD,N4BP2,2
2516,ASD,N4BP3,2
2518,ASD,NAA40,2
2519,ASD,NABP1,3
2520,ASD,NABP2,3
2524,ASD,NADK2,3
2525,ASD,NAE1,2
2533,ASD,NAP1L2,2
2534,ASD,NAP1L3,2
2539,ASD,NAPG,3
2543,ASD,NARS,3
2546,ASD,NBEA,2
2549,ASD,NBPF10,3
2555,ASD,NCALD,3
2556,ASD,NCBP1,2
2557,ASD,NCBP2,2
2564,ASD,NCR3LG1,2
2569,ASD,NDRG3,3
2570,ASD,NDRG4,2
2579,ASD,NDUFAF5,2
2580,ASD,NDUFAF6,2
2586,ASD,NDUFS1,3
2587,ASD,NDUFS2,2
2588,ASD,NDUFS3,2
2590,ASD,NDUFV1,2
2591,ASD,NDUFV2,2
2593,ASD,NECAB1,3
2595,ASD,NECAP2,2
2597,ASD,NEDD4,2
2601,ASD,NEGR1,2
2603,ASD,NEK6,3
2606,ASD,NET1,2
2610,ASD,NEUROD6,2
2612,ASD,NFAM1,2
2613,ASD,NFATC1,2
2618,ASD,NFE2L2,2
2620,ASD,NFIL3,3
2622,ASD,NFKB2,3
2624,ASD,NFKBIZ,2
2627,ASD,NGEF,3
2630,ASD,NHP2L1,2
2633,ASD,NIF3L1,3
2637,ASD,NIPA1,2
2639,ASD,NIPAL2,2
2643,ASD,NLK,2
2648,ASD,NME5,2
2650,ASD,NMI,2
2653,ASD,NMU,2
2655,ASD,NNT,2
2657,ASD,NOMO1,2
2661,ASD,NOS2,2
2663,ASD,NOTCH2,2
2665,ASD,NOVA1,3
2674,ASD,NQO1,3
2677,ASD,NR2E1,3
2680,ASD,NREP,2
2682,ASD,NRN1,3
2685,ASD,NRSN2,2
2687,ASD,NRXN3,3
2689,ASD,NSG1,2
2692,ASD,NT5C2,2
2694,ASD,NT5DC1,3
2695,ASD,NT5M,2
2696,ASD,NTHL1,2
2698,ASD,NTN4,3
2699,ASD,NTSR2,3
2700,ASD,NUAK1,3
2705,ASD,NUDT2,2
2708,ASD,NUFIP2,3
2715,ASD,NUP93,2
2716,ASD,NUP98,2
2717,ASD,NUPR1,3
2724,ASD,NXN,2
2728,ASD,NXPH3,2
2733,ASD,OAS3,2
2734,ASD,OAT,2
2735,ASD,OBFC1,2
2737,ASD,OCIAD1,3
2741,ASD,OGDHL,2
2746,ASD,OPA1,2
2748,ASD,OPHN1,3
2749,ASD,OPN3,3
2750,ASD,OPTN,3
2754,ASD,ORC2,2
2759,ASD,OSBPL11,2
2770,ASD,OTUB1,3
2772,ASD,OTUD4,2
2773,ASD,OTUD7A,2
2776,ASD,OXR1,3
2780,ASD,P4HA1,3
2781,ASD,P4HA2,2
2785,ASD,PABPC4,3
2787,ASD,PACSIN2,2
2789,ASD,PAFAH1B1,2
2796,ASD,PALLD,3
2801,ASD,PANX2,2
2802,ASD,PAPD5,2
2803,ASD,PAPOLA,2
2808,ASD,PARD3,3
2810,ASD,PARD6A,3
2814,ASD,PARP10,2
2815,ASD,PARP12,2
2816,ASD,PARP14,2
2817,ASD,PARP6,2
2818,ASD,PARP9,2
2819,ASD,PART1,2
2820,ASD,PARVG,3
2826,ASD,PBXIP1,3
2828,ASD,PCBD1,2
2832,ASD,PCDHA1,2
2841,ASD,PCDHB10,2
2847,ASD,PCDHB18,2
2848,ASD,PCDHB19P,3
2865,ASD,PCMT1,3
2868,ASD,PCP4,2
2870,ASD,PCSK1,2
2872,ASD,PCSK2,2
2873,ASD,PCSK5,2
2880,ASD,PDCD6IP,2
2881,ASD,PDE10A,3
2884,ASD,PDE4DIP,3
2890,ASD,PDHB,2
2898,ASD,PDLIM3,3
2900,ASD,PDLIM5,3
2901,ASD,PDP1,2
2909,ASD,PEA15,3
2910,ASD,PEBP1,2
2915,ASD,PELI3,3
2919,ASD,PEX11B,2
2921,ASD,PEX5,2
2922,ASD,PEX5L,3
2923,ASD,PFDN1,2
2926,ASD,PFN2,2
2927,ASD,PGAM2,2
2937,ASD,PHF11,2
2941,ASD,PHF21B,3
2947,ASD,PHYHIPL,2
2952,ASD,PICK1,2
2962,ASD,PIGX,2
2966,ASD,PIK3C3,2
2967,ASD,PIK3CB,3
2968,ASD,PIK3R1,2
2976,ASD,PIR,2
2978,ASD,PITPNA,2
2982,ASD,PJA2,3
2986,ASD,PKN2,2
2987,ASD,PKNOX1,3
2992,ASD,PLAUR,3
2993,ASD,PLB1,2
2994,ASD,PLBD2,2
2995,ASD,PLCB1,3
2996,ASD,PLCB3,3
2997,ASD,PLCD1,2
2998,ASD,PLCE1,3
3004,ASD,PLEKHA4,3
3005,ASD,PLEKHB2,2
3006,ASD,PLEKHF2,2
3008,ASD,PLEKHG2,2
3013,ASD,PLEKHO2,2
3018,ASD,PLLP,2
3019,ASD,PLOD1,3
3020,ASD,PLOD2,3
3023,ASD,PLSCR1,3
3024,ASD,PLSCR4,3
3025,ASD,PLTP,3
3027,ASD,PLXDC1,3
3029,ASD,PLXNA2,2
3031,ASD,PLXNB2,2
3032,ASD,PM20D2,2
3034,ASD,PML,2
3035,ASD,PMP2,2
3040,ASD,PNMA3,2
3046,ASD,PNMAL2,2
3047,ASD,PNP,3
3049,ASD,PNRC2,3
3057,ASD,POLR3E,2
3058,ASD,POLR3F,2
3065,ASD,POP7,2
3066,ASD,POR,2
3067,ASD,PORCN,2
3069,ASD,POU6F1,2
3075,ASD,PPARGC1A,2
3077,ASD,PPBP,2
3080,ASD,PPIA,3
3082,ASD,PPIL4,2
3084,ASD,PPIP5K2,3
3087,ASD,PPM1H,2
3089,ASD,PPME1,2
3094,ASD,PPP1R14B,3
3095,ASD,PPP1R14C,2
3100,ASD,PPP1R18,3
3103,ASD,PPP1R26-AS1,2
3104,ASD,PPP1R3B,3
3110,ASD,PPP2R1A,2
3115,ASD,PPP2R5A,2
3116,ASD,PPP2R5B,2
3119,ASD,PPP3CA,3
3120,ASD,PPP3CB,2
3127,ASD,PRDM2,2
3128,ASD,PRDX1,2
3134,ASD,PREP,3
3135,ASD,PREPL,2
3136,ASD,PRICKLE1,2
3139,ASD,PRKAB2,2
3140,ASD,PRKACB,2
3142,ASD,PRKAR1A,3
3143,ASD,PRKAR1B,2
3144,ASD,PRKAR2B,2
3145,ASD,PRKCB,2
3146,ASD,PRKCE,3
3161,ASD,PRPS1,2
3164,ASD,PRR4,2
3166,ASD,PRRT3,2
3169,ASD,PSD4,3
3170,ASD,PSMA4,2
3171,ASD,PSMA5,2
3172,ASD,PSMB2,2
3176,ASD,PSMB8,2
3178,ASD,PSMC2,2
3182,ASD,PSMD12,2
3186,ASD,PSMD7,3
3188,ASD,PSME2,2
3189,ASD,PSMG3,3
3191,ASD,PTAR1,2
3192,ASD,PTBP1,3
3193,ASD,PTBP3,3
3197,ASD,PTCHD4,2
3210,ASD,PTPN13,3
3215,ASD,PTPRD,3
3219,ASD,PTPRZ1,2
3222,ASD,PTTG1IP,3
3223,ASD,PVALB,3
3224,ASD,PVRL1,2
3225,ASD,PVRL2,3
3227,ASD,PXDC1,2
3228,ASD,PXN,3
3229,ASD,PYCR1,3
3230,ASD,PYGL,2
3232,ASD,QARS,2
3235,ASD,R3HDM2,2
3236,ASD,RAB11A,2
3241,ASD,RAB13,3
3244,ASD,RAB20,3
3248,ASD,RAB31,3
3249,ASD,RAB37,2
3251,ASD,RAB39A,2
3255,ASD,RAB3GAP2,3
3259,ASD,RAB4B,2
3262,ASD,RAB7L1,3
3264,ASD,RAB8B,3
3265,ASD,RABEPK,3
3283,ASD,RAMP1,3
3287,ASD,RAP1B,2
3293,ASD,RARRES3,2
3299,ASD,RASGRF1,3
3300,ASD,RASGRP1,2
3303,ASD,RASSF8,3
3304,ASD,RAVER2,3
3307,ASD,RBFOX1,2
3313,ASD,RBM12B,3
3320,ASD,RBM47,2
3322,ASD,RCAN2,3
3327,ASD,RCOR3,3
3328,ASD,RDH10,3
3333,ASD,RELA,3
3335,ASD,RELL2,2
3336,ASD,REPS2,2
3343,ASD,RFPL1S,3
3345,ASD,RFX2,2
3353,ASD,RGS4,3
3355,ASD,RGS7,2
3361,ASD,RHOBTB1,3
3362,ASD,RHOBTB2,2
3363,ASD,RHOBTB3,3
3364,ASD,RHOC,3
3365,ASD,RHOD,2
3368,ASD,RHPN2,3
3372,ASD,RIMKLA,3
3379,ASD,RIT1,3
3383,ASD,RMND5B,3
3386,ASD,RNASE1,2
3392,ASD,RNF114,2
3393,ASD,RNF122,2
3400,ASD,RNF157,3
3401,ASD,RNF165,2
3414,ASD,RNMT,3
3422,ASD,ROM1,2
3429,ASD,RP1-239B22.5,2
3438,ASD,RP11-123O22.1,2
3451,ASD,RP11-163N6.2,2
3452,ASD,RP11-166D19.1,2
3460,ASD,RP11-182I10.3,2
3499,ASD,RP11-314P15.2,2
3507,ASD,RP11-334C17.5,2
3525,ASD,RP11-404G16.2,2
3529,ASD,RP11-421P23.2,2
3533,ASD,RP11-434B12.1,2
3542,ASD,RP11-465B22.3,2
3550,ASD,RP11-517B11.7,2
3556,ASD,RP11-53O19.1,2
3580,ASD,RP11-638F5.1,2
3585,ASD,RP11-64B16.2,2
3601,ASD,RP11-766N7.3,2
3626,ASD,RP2,3
3637,ASD,RP4-753M9.1,2
3642,ASD,RP5-1119A7.17,2
3646,ASD,RP5-855F14.1,2
3651,ASD,RPGRIP1L,2
3652,ASD,RPH3A,2
3662,ASD,RPL18,2
3676,ASD,RPL28,3
3685,ASD,RPL36,2
3693,ASD,RPL6,2
3706,ASD,RPN2,3
3709,ASD,RPS10,2
3710,ASD,RPS11,2
3718,ASD,RPS19,3
3720,ASD,RPS20,2
3725,ASD,RPS27L,2
3729,ASD,RPS3,2
3744,ASD,RRAGA,3
3746,ASD,RREB1,3
3747,ASD,RRN3,2
3749,ASD,RSBN1L-AS1,2
3753,ASD,RTKN2,3
3757,ASD,RTN4,2
3760,ASD,RUNX1,2
3765,ASD,RXRB,2
3768,ASD,S100A10,3
3773,ASD,S100A16,3
3777,ASD,S1PR1,2
3780,ASD,SAE1,3
3782,ASD,SAMD12,2
3784,ASD,SAMD4A,2
3788,ASD,SAMD9L,2
3790,ASD,SAMM50,3
3792,ASD,SAP30L,2
3794,ASD,SARDH,2
3796,ASD,SARS2,2
3798,ASD,SAT1,3
3799,ASD,SBF2,3
3800,ASD,SBK1,2
3802,ASD,SBNO2,3
3805,ASD,SCAI,2
3806,ASD,SCAMP1,2
3808,ASD,SCAMP5,2
3811,ASD,SCHIP1,2
3813,ASD,SCN1A,2
3814,ASD,SCN1B,3
3815,ASD,SCN2A,3
3817,ASD,SCN4B,2
3818,ASD,SCN8A,3
3822,ASD,SCRIB,2
3825,ASD,SCRT1,2
3831,ASD,SDC1,3
3832,ASD,SDC2,3
3837,ASD,SDHA,2
3839,ASD,SDIM1,2
3843,ASD,SEC14L5,3
3846,ASD,SEC23A,3
3848,ASD,SEC61A1,3
3851,ASD,SECISBP2,2
3855,ASD,SEMA3G,2
3858,ASD,SEMA7A,3
3863,ASD,SEPT7P2,2
3867,ASD,SERINC3,3
3868,ASD,SERP1,3
3873,ASD,SERPINE1,2
3874,ASD,SERPING1,2
3879,ASD,SERTAD4,3
3881,ASD,SESN2,3
3883,ASD,SETD4,2
3888,ASD,SEZ6L2,3
3889,ASD,SFMBT2,3
3890,ASD,SFN,2
3892,ASD,SFTPD,2
3894,ASD,SGIP1,2
3899,ASD,SGSH,3
3901,ASD,SH2D4A,2
3906,ASD,SH3GLB1,2
3909,ASD,SH3TC1,2
3911,ASD,SHC1,3
3912,ASD,SHD,3
3931,ASD,SLA,2
3936,ASD,SLC12A2,2
3939,ASD,SLC15A3,2
3941,ASD,SLC16A3,2
3942,ASD,SLC16A7,2
3943,ASD,SLC16A9,2
3945,ASD,SLC1A3,2
3946,ASD,SLC1A4,2
3947,ASD,SLC1A5,2
3949,ASD,SLC22A15,3
3952,ASD,SLC24A2,3
3953,ASD,SLC25A1,2
3955,ASD,SLC25A12,3
3956,ASD,SLC25A14,2
3957,ASD,SLC25A15,2
3958,ASD,SLC25A20,2
3960,ASD,SLC25A3,3
3962,ASD,SLC25A36,3
3964,ASD,SLC25A4,2
3965,ASD,SLC25A40,3
3966,ASD,SLC25A43,3
3974,ASD,SLC27A4,3
3976,ASD,SLC29A1,3
3979,ASD,SLC2A12,3
3980,ASD,SLC2A3P2,2
3981,ASD,SLC2A4,2
3982,ASD,SLC2A4RG,3
3993,ASD,SLC35B3,2
3994,ASD,SLC35B4,3
4002,ASD,SLC35G1,2
4003,ASD,SLC36A1,3
4006,ASD,SLC38A1,2
4007,ASD,SLC38A11,2
4008,ASD,SLC38A5,3
4010,ASD,SLC39A10,2
4012,ASD,SLC3A2,3
4016,ASD,SLC44A3,3
4018,ASD,SLC45A1,3
4022,ASD,SLC4A8,3
4029,ASD,SLC6A6,2
4032,ASD,SLC7A11,3
4034,ASD,SLC7A2,2
4035,ASD,SLC7A6OS,2
4038,ASD,SLC8A1,2
4040,ASD,SLC8B1,2
4052,ASD,SMAD1,3
4059,ASD,SMARCA1,2
4064,ASD,SMG1,2
4065,ASD,SMG6,3
4067,ASD,SMIM14,2
4072,ASD,SMO,3
4078,ASD,SMURF2,2
4079,ASD,SMYD2,2
4082,ASD,SNAP25,2
4098,ASD,SNX14,3
4100,ASD,SNX17,2
4109,ASD,SOAT1,3
4113,ASD,SOD2,2
4118,ASD,SOWAHB,2
4119,ASD,SOX2,2
4121,ASD,SOX6,2
4124,ASD,SP110,2
4126,ASD,SPAG5,2
4133,ASD,SPATS2L,2
4134,ASD,SPDEF,2
4137,ASD,SPG20,2
4141,ASD,SPI1,2
4143,ASD,SPIN3,2
4149,ASD,SPPL2A,2
4150,ASD,SPPL2B,2
4152,ASD,SPR,2
4156,ASD,SPRY1,3
4159,ASD,SPRYD7,2
4161,ASD,SPTLC3,3
4163,ASD,SPTSSB,3
4164,ASD,SPTY2D1,3
4165,ASD,SQRDL,2
4166,ASD,SQSTM1,2
4171,ASD,SRGAP1,3
4173,ASD,SRI,2
4184,ASD,ST13,2
4188,ASD,ST5,2
4190,ASD,ST8SIA1,3
4192,ASD,ST8SIA5,2
4195,ASD,STAG3L4,2
4199,ASD,STAT3,3
4202,ASD,STAU2,2
4205,ASD,STIP1,2
4207,ASD,STK17A,3
4208,ASD,STK17B,3
4218,ASD,STOM,2
4220,ASD,STON2,3
4222,ASD,STRADA,2
4223,ASD,STRBP,3
4228,ASD,STX1B,2
4229,ASD,STX2,2
4233,ASD,STXBP4,2
4235,ASD,STXBP5-AS1,3
4236,ASD,STXBP5L,3
4238,ASD,STYXL1,2
4239,ASD,SUCLA2,3
4248,ASD,SULT4A1,2
4253,ASD,SUV39H1,2
4255,ASD,SV2A,2
4256,ASD,SV2B,3
4257,ASD,SVOP,2
4258,ASD,SWAP70,3
4268,ASD,SYNPO2,2
4271,ASD,SYT11,2
4272,ASD,SYT12,3
4273,ASD,SYT13,2
4276,ASD,SYT17,2
4277,ASD,SYT2,3
4278,ASD,SYT3,3
4281,ASD,SYTL3,2
4289,ASD,TADA1,3
4294,ASD,TAGLN3,2
4297,ASD,TAP1,2
4299,ASD,TARBP1,3
4301,ASD,TATDN2,2
4309,ASD,TBC1D4,2
4310,ASD,TBC1D7,3
4313,ASD,TBL1X,2
4316,ASD,TBRG1,2
4317,ASD,TCEA1,2
4319,ASD,TCEA3,3
4320,ASD,TCEAL7,2
4327,ASD,TCIRG1,2
4329,ASD,TCTEX1D1,2
4333,ASD,TEAD1,2
4335,ASD,TEP1,2
4337,ASD,TESC,2
4338,ASD,TESPA1,2
4344,ASD,TGFB1,2
4345,ASD,TGFB2,3
4347,ASD,TGFBR3,3
4349,ASD,TGIF1,3
4352,ASD,THAP2,3
4353,ASD,THBS1,2
4362,ASD,TIMM17A,3
4363,ASD,TIMP1,2
4369,ASD,TKT,2
4371,ASD,TLE1,2
4373,ASD,TLN1,2
4378,ASD,TLR4,2
4382,ASD,TM7SF2,2
4388,ASD,TMCO4,2
4390,ASD,TMED5,3
4392,ASD,TMEM100,2
4401,ASD,TMEM155,2
4404,ASD,TMEM167B,3
4405,ASD,TMEM169,3
4408,ASD,TMEM176A,3
4409,ASD,TMEM176B,2
4410,ASD,TMEM177,2
4412,ASD,TMEM179,2
4413,ASD,TMEM194B,2
4421,ASD,TMEM26,2
4424,ASD,TMEM38A,2
4426,ASD,TMEM41A,2
4428,ASD,TMEM47,3
4434,ASD,TMEM63B,2
4436,ASD,TMEM72-AS1,2
4437,ASD,TMEM8A,2
4440,ASD,TMOD3,3
4445,ASD,TMX4,3
4446,ASD,TNFAIP3,2
4448,ASD,TNFRSF10B,3
4450,ASD,TNFRSF10D,3
4451,ASD,TNFRSF11B,3
4452,ASD,TNFRSF12A,2
4453,ASD,TNFRSF1A,3
4456,ASD,TNFSF13B,3
4459,ASD,TNIP2,3
4467,ASD,TOMM20,2
4471,ASD,TOP1,2
4472,ASD,TOP2B,2
4473,ASD,TOPBP1,3
4475,ASD,TOR1A,3
4477,ASD,TOR1AIP2,3
4478,ASD,TOR1B,2
4483,ASD,TP53BP2,2
4489,ASD,TPD52L1,2
4490,ASD,TPD52L2,3
4493,ASD,TPP1,2
4494,ASD,TPP2,2
4501,ASD,TRAF3IP2,2
4503,ASD,TRAPPC11,2
4510,ASD,TRIM14,2
4513,ASD,TRIM21,2
4516,ASD,TRIM25,3
4518,ASD,TRIM27,2
4519,ASD,TRIM3,2
4521,ASD,TRIM37,3
4523,ASD,TRIM4,3
4526,ASD,TRIM5,2
4527,ASD,TRIM52,2
4528,ASD,TRIM56,2
4537,ASD,TRPC1,2
4538,ASD,TRPC3,2
4539,ASD,TRPC4AP,2
4541,ASD,TRPS1,3
4547,ASD,TSNAX,2
4550,ASD,TSPAN5,2
4556,ASD,TTBK2,2
4558,ASD,TTC19,2
4559,ASD,TTC23,2
4562,ASD,TTC37,2
4569,ASD,TTLL7,3
4574,ASD,TUBA4A,3
4576,ASD,TUBB2B,2
4578,ASD,TUBB6,2
4579,ASD,TUBG1,3
4580,ASD,TUBG2,2
4587,ASD,TXLNA,3
4591,ASD,TXNL4B,2
4592,ASD,TXNRD1,3
4602,ASD,UBAP1L,2
4610,ASD,UBE2L6,2
4611,ASD,UBE2N,2
4615,ASD,UBE2QL1,3
4618,ASD,UBE3A,2
4622,ASD,UBL7,3
4623,ASD,UBLCP1,2
4625,ASD,UBR3,2
4627,ASD,UBTD1,3
4630,ASD,UCHL5,3
4632,ASD,UCP2,2
4633,ASD,UGDH,3
4644,ASD,UNC80,2
4645,ASD,UNC93B1,2
4646,ASD,UNG,2
4647,ASD,UPF1,2
4651,ASD,UQCRC1,2
4653,ASD,UQCRFS1,2
4655,ASD,UQCRH,3
4658,ASD,USF1,2
4664,ASD,USP18,2
4665,ASD,USP19,2
4667,ASD,USP32,3
4668,ASD,USP33,3
4671,ASD,USP39,2
4675,ASD,USP53,2
4679,ASD,UVRAG,2
4680,ASD,VAMP1,3
4686,ASD,VASP,3
4692,ASD,VDAC3,3
4697,ASD,VIM,3
4703,ASD,VPS11,3
4705,ASD,VPS16,2
4711,ASD,VPS36,3
4720,ASD,VSTM5,2
4725,ASD,VWC2,3
4730,ASD,WBP1L,3
4731,ASD,WBP5,3
4735,ASD,WDR1,3
4736,ASD,WDR12,2
4738,ASD,WDR35,2
4741,ASD,WDR54,2
4742,ASD,WDR6,2
4749,ASD,WDR78,2
4751,ASD,WEE1,3
4757,ASD,WLS,2
4760,ASD,WNT9B,2
4762,ASD,WSCD1,3
4764,ASD,WWTR1,3
4768,ASD,XPO1,3
4774,ASD,YAP1,3
4779,ASD,YEATS4,2
4788,ASD,ZBBX,2
4789,ASD,ZBED5,2
4790,ASD,ZBTB1,2
4791,ASD,ZBTB10,3
4801,ASD,ZC3H12A,2
4805,ASD,ZC3HAV1,3
4810,ASD,ZDHHC17,2
4814,ASD,ZFAND6,3
4817,ASD,ZFP14,2
4819,ASD,ZFP36L1,3
4821,ASD,ZFR,3
4831,ASD,ZMYM1,3
4835,ASD,ZNF117,2
4840,ASD,ZNF217,3
4841,ASD,ZNF223,2
4842,ASD,ZNF25,3
4847,ASD,ZNF33A,2
4849,ASD,ZNF365,3
4850,ASD,ZNF385B,3
4858,ASD,ZNF449,2
4860,ASD,ZNF468,2
4862,ASD,ZNF48,2
4866,ASD,ZNF516,3
4868,ASD,ZNF554,2
4885,ASD,ZNF711,2
4889,ASD,ZNF740,2
4890,ASD,ZNF761,2
4895,ASD,ZNF804B,3
4899,ASD,ZNF844,2
4904,ASD,ZRANB1,2
4911,ASD,ZYG11B,2
4912,MDD,A2M,1
4913,MDD,ABCC4,1
4914,MDD,ACTG1,1
4915,MDD,ADAM11,1
4916,MDD,ADORA3,1
4917,MDD,AIF1,1
4918,MDD,AKAP12,1
4919,MDD,ALOX5AP,1
4920,MDD,APBB1IP,1
4921,MDD,APOC1,1
4922,MDD,ARHGAP30,1
4923,MDD,ARHGDIB,1
4924,MDD,ARPC1B,1
4925,MDD,ARRDC3,1
4926,MDD,B4GALNT1,1
4927,MDD,BHLHE41,1
4928,MDD,BMP2K,1
4929,MDD,C12orf75,1
4930,MDD,C1QA,1
4931,MDD,C1QB,1
4932,MDD,C1QC,1
4933,MDD,C3,1
4934,MDD,C3AR1,1
4935,MDD,CACNA1I,1
4936,MDD,CARD8-AS1,1
4937,MDD,CD3EAP,1
4938,MDD,CD53,1
4939,MDD,CD74,1
4940,MDD,CDC42EP3,1
4941,MDD,CDK12,1
4942,MDD,CDK5R1,1
4943,MDD,CDK5R2,1
4944,MDD,CHML,1
4945,MDD,CITED2,1
4946,MDD,CLEC17A,1
4947,MDD,CLSPN,1
4948,MDD,CMTM6,1
4949,MDD,CNTNAP1,1
4950,MDD,COL26A1,1
4951,MDD,COL8A2,1
4952,MDD,CRLF3,1
4953,MDD,CRYBB1,1
4954,MDD,CRYM,1
4955,MDD,CSK,1
4956,MDD,CTD-2023N9.3,1
4957,MDD,CTD-2368P22.1,1
4958,MDD,CTD-3247H4.2,1
4959,MDD,CTSS,1
4960,MDD,CYBA,1
4961,MDD,CYBB,1
4962,MDD,CYP2U1,1
4963,MDD,DEAF1,1
4964,MDD,DEF6,1
4965,MDD,DENND1C,1
4966,MDD,DNAJC5G,1
4967,MDD,DOCK8,1
4968,MDD,DUSP28,1
4969,MDD,EBI3,1
4970,MDD,EDNRB,1
4971,MDD,EVI2B,1
4972,MDD,EXOC6B,1
4973,MDD,EXPH5,1
4974,MDD,FBXW4,1
4975,MDD,FCER1G,1
4976,MDD,FCGR3A,1
4977,MDD,FERMT3,1
4978,MDD,FGFBP2,1
4979,MDD,GABRB2,1
4980,MDD,GABRD,1
4981,MDD,GBAP1,1
4982,MDD,GHDC,1
4983,MDD,GIMAP6,1
4984,MDD,GJD2,1
4985,MDD,GLIS2,1
4986,MDD,GPR34,1
4987,MDD,GPR61,1
4988,MDD,HAPLN1,1
4989,MDD,HAVCR2,1
4990,MDD,HCFC1R1,1
4991,MDD,HECW2,1
4992,MDD,HEY2,1
4993,MDD,HLA-DPA1,1
4994,MDD,HMGB2,1
4995,MDD,HOOK3,1
4996,MDD,HSD17B6,1
4997,MDD,IGSF6,1
4998,MDD,IMPG1,1
4999,MDD,IPO11,1
5000,MDD,IQCK,1
5001,MDD,IRF8,1
5002,MDD,ITGB2,1
5003,MDD,JAM2,1
5004,MDD,KCNH4,1
5005,MDD,KCNIP2,1
5006,MDD,KCNJ16,1
5007,MDD,LAPTM5,1
5008,MDD,LAT2,1
5009,MDD,LCP1,1
5010,MDD,LGALS9,1
5011,MDD,LGI2,1
5012,MDD,LINC00672,1
5013,MDD,LINC01007,1
5014,MDD,LINC01140,1
5015,MDD,LINC01331,1
5016,MDD,LRRC53,1
5017,MDD,LRRC69,1
5018,MDD,LYN,1
5019,MDD,MAP3K4,1
5020,MDD,MCAT,1
5021,MDD,MED28,1
5022,MDD,MED8,1
5023,MDD,MGEA5,1
5024,MDD,MIR4500HG,1
5025,MDD,MS4A6A,1
5026,MDD,MTHFD2L,1
5027,MDD,NAPSB,1
5028,MDD,NCKAP1L,1
5029,MDD,NFS1,1
5030,MDD,NOG,1
5031,MDD,OLR1,1
5032,MDD,P2RY13,1
5033,MDD,PGAM1,1
5034,MDD,PHGDH,1
5035,MDD,PIK3AP1,1
5036,MDD,PLAGL1,1
5037,MDD,PLD4,1
5038,MDD,PLEK,1
5039,MDD,PNMAL2,1
5040,MDD,PTGS1,1
5041,MDD,PTPN6,1
5042,MDD,PTPRC,1
5043,MDD,RASL11A,1
5044,MDD,RASSF3,1
5045,MDD,RFXAP,1
5046,MDD,RGS10,1
5047,MDD,RNASE2,1
5048,MDD,RP11-1016B18.1,1
5049,MDD,RP11-284F21.8,1
5050,MDD,RP11-513I15.6,1
5051,MDD,RP11-552D4.1,1
5052,MDD,RP11-63G10.4,1
5053,MDD,RP11-66N24.4,1
5054,MDD,RP11-847H18.3,1
5055,MDD,RP11-946L16.2,1
5056,MDD,RPL8,1
5057,MDD,RSPO2,1
5058,MDD,S100A11,1
5059,MDD,SAMSN1,1
5060,MDD,SASH3,1
5061,MDD,SCARNA5,1
5062,MDD,SCARNA6,1
5063,MDD,SCIN,1
5064,MDD,SETD4,1
5065,MDD,SEZ6L2,1
5066,MDD,SLA,1
5067,MDD,SLC39A10,1
5068,MDD,SLCO1C1,1
5069,MDD,SOCS6,1
5070,MDD,SPN,1
5071,MDD,SPX,1
5072,MDD,SRSF6,1
5073,MDD,ST6GAL1,1
5074,MDD,ST8SIA4,1
5075,MDD,STARD5,1
5076,MDD,SVOP,1
5077,MDD,SYK,1
5078,MDD,TAL1,1
5079,MDD,TCEA1P2,1
5080,MDD,TCTA,1
5081,MDD,TLR7,1
5082,MDD,TMEM119,1
5083,MDD,TMEM200C,1
5084,MDD,TMIGD2,1
5085,MDD,TPST2,1
5086,MDD,U1,1
5087,MDD,UCP2,1
5088,MDD,USP6NL,1
5089,MDD,VSTM2L,1
5090,MDD,WDR81,1
5091,MDD,ZNF442,1
5092,MDD,ZNF720,1
5093,MDD,ZNRF2P3,1
5096,SCZ,A2M,2
5101,SCZ,ABCA17P,2
5109,SCZ,ABCC12,2
5121,SCZ,ABL2,2
5122,SCZ,ABLIM2,2
5200,SCZ,ACADL,2
5227,SCZ,ACVR2A,2
5230,SCZ,ACYP2,2
5232,SCZ,ADAM11,2
5238,SCZ,ADAMTS2,2
5244,SCZ,ADAMTS9-AS2,2
5248,SCZ,ADARB2,2
5252,SCZ,ADCY2,2
5255,SCZ,ADCYAP1,2
5256,SCZ,ADCYAP1R1,2
5263,SCZ,ADNP,2
5265,SCZ,ADO,2
5276,SCZ,AEBP2,2
5291,SCZ,AGT,2
5299,SCZ,AIDA,2
5303,SCZ,AIMP2,2
5305,SCZ,AK4,2
5310,SCZ,AKIRIN2,2
5316,SCZ,ALDH1A1,4
5336,SCZ,ALPL,2
5341,SCZ,ANAPC15,2
5353,SCZ,ANKMY1,2
5367,SCZ,ANKRD6,4
5398,SCZ,AP5S1,2
5404,SCZ,API5,2
5418,SCZ,AQP6,2
5433,SCZ,ARHGAP27,2
5434,SCZ,ARHGAP28,2
5445,SCZ,ARHGEF28,2
5446,SCZ,ARHGEF3,2
5457,SCZ,ARL4D,2
5469,SCZ,ASB13,2
5479,SCZ,ASPHD1,2
5488,SCZ,ATG4D,2
5496,SCZ,ATP1B1,2
5505,SCZ,ATP6V1C2,2
5513,SCZ,ATRNL1,2
5514,SCZ,ATRX,2
5523,SCZ,B3GALT4,2
5524,SCZ,B3GALT6,2
5529,SCZ,B4GALT2,2
5534,SCZ,BAD,2
5540,SCZ,BAI2,2
5558,SCZ,BCCIP,2
5567,SCZ,BCL6,2
5574,SCZ,BEND6,2
5582,SCZ,BIRC3,2
5586,SCZ,BLOC1S1,2
5642,SCZ,C15orf59,2
5667,SCZ,C1orf222,2
5670,SCZ,C1orf61,2
5674,SCZ,C20orf166-AS1,2
5680,SCZ,C21orf62,2
5694,SCZ,C3orf52,2
5708,SCZ,C5orf51,3
5720,SCZ,C9orf16,2
5728,SCZ,CA4,2
5735,SCZ,CACNA1H,2
5745,SCZ,CALB1,2
5753,SCZ,CAMK2G,2
5775,SCZ,CASQ2,2
5777,SCZ,CAV2,2
5778,SCZ,CBFB,2
5863,SCZ,CDH13,2
5870,SCZ,CDK14,2
5871,SCZ,CDK16,2
5904,SCZ,CEP112,2
5908,SCZ,CEP97,2
5924,SCZ,CHD2,2
5934,SCZ,CHORDC1,2
5940,SCZ,CHRDL1,3
5943,SCZ,CHRM4,2
5945,SCZ,CHRNA2,2
5955,SCZ,CIB1,2
5959,SCZ,CINP,2
5975,SCZ,CLEC11A,2
5976,SCZ,CLEC14A,2
5980,SCZ,CLEC3B,2
5982,SCZ,CLEC7A,2
5988,SCZ,CLN6,2
6006,SCZ,CNDP1,2
6008,SCZ,CNGB1,2
6011,SCZ,CNKSR3,2
6015,SCZ,CNOT6,2
6016,SCZ,CNOT6L,2
6020,SCZ,CNTN3,2
6031,SCZ,COL16A1,2
6043,SCZ,COL5A3,2
6047,SCZ,COL9A2,2
6048,SCZ,COL9A3,2
6058,SCZ,COQ10A,2
6064,SCZ,COX5A,2
6065,SCZ,COX7A1,2
6067,SCZ,COX8A,2
6071,SCZ,CPED1,2
6072,SCZ,CPLX1,2
6073,SCZ,CPLX2,2
6078,SCZ,CPNE8,2
6079,SCZ,CPNE9,3
6091,SCZ,CRIM1,2
6184,SCZ,CX3CR1,2
6189,SCZ,CXXC4,2
6193,SCZ,CXorf57,3
6205,SCZ,CYP1B1-AS1,2
6208,SCZ,CYP26B1,2
6210,SCZ,CYP46A1,2
6221,SCZ,DAAM1,2
6223,SCZ,DAB1,3
6227,SCZ,DALRD3,2
6234,SCZ,DBNL,2
6247,SCZ,DCP2,3
6275,SCZ,DERL1,2
6280,SCZ,DGCR5,2
6285,SCZ,DGKZ,2
6289,SCZ,DHDDS,2
6304,SCZ,DIRAS2,2
6314,SCZ,DLGAP1-AS4,2
6328,SCZ,DNAJA4,2
6338,SCZ,DNAJC4,2
6339,SCZ,DNAJC5G,2
6357,SCZ,DOCK8,2
6365,SCZ,DPP4,2
6372,SCZ,DPYSL3,2
6388,SCZ,DTWD1,2
6406,SCZ,E2F1,2
6425,SCZ,EFCAB12,2
6431,SCZ,EFHC2,2
6432,SCZ,EFHD2,2
6445,SCZ,EIF2AK2,2
6470,SCZ,EMBP1,2
6504,SCZ,EPB41L5,2
6512,SCZ,EPHA6,2
6513,SCZ,EPHA8,3
6520,SCZ,EPM2A,2
6521,SCZ,EPM2AIP1,2
6530,SCZ,ERCC1,2
6553,SCZ,ETS2,2
6569,SCZ,EXTL1,2
6573,SCZ,F2R,2
6575,SCZ,F7,2
6590,SCZ,FAM110C,2
6595,SCZ,FAM122B,2
6598,SCZ,FAM131B,2
6616,SCZ,FAM184B,2
6627,SCZ,FAM211A,2
6635,SCZ,FAM49B,2
6640,SCZ,FAM65B,2
6646,SCZ,FAM78A,4
6658,SCZ,FARP1,2
6664,SCZ,FBLN7,3
6679,SCZ,FBXO9,2
6684,SCZ,FCHO2,2
6691,SCZ,FEM1B,2
6692,SCZ,FEM1C,2
6696,SCZ,FEZ1,3
6702,SCZ,FGF13,2
6711,SCZ,FHL1,2
6715,SCZ,FIS1,2
6717,SCZ,FKBP14,2
6728,SCZ,FLYWCH2,3
6729,SCZ,FMNL1,3
6737,SCZ,FNDC4,2
6738,SCZ,FNDC5,2
6739,SCZ,FNIP2,2
6751,SCZ,FOXN2,2
6767,SCZ,FSCN1,2
6780,SCZ,FXR1,2
6792,SCZ,G3BP1,2
6795,SCZ,GABRA5,3
6796,SCZ,GABRB3,2
6811,SCZ,GALNT16,2
6848,SCZ,GHR,3
6853,SCZ,GIMAP6,2
6874,SCZ,GLRA3,2
6885,SCZ,GMPR,2
6894,SCZ,GNG7,2
6896,SCZ,GNPTG,2
6927,SCZ,GPR183,2
6963,SCZ,GRIN3A,2
6978,SCZ,GSTZ1,2
6994,SCZ,GXYLT1,2
6995,SCZ,GXYLT2,3
7010,SCZ,HAP1,2
7018,SCZ,HAVCR2,2
7020,SCZ,HBG2,2
7035,SCZ,HELZ,2
7043,SCZ,HGF,2
7054,SCZ,HIGD2A,2
7056,SCZ,HINT2,2
7088,SCZ,HNRNPH3,2
7093,SCZ,HOOK1,2
7097,SCZ,HPCAL1,2
7100,SCZ,HPSE2,3
7101,SCZ,HR,3
7106,SCZ,HS3ST1,2
7123,SCZ,HSPA12B,2
7167,SCZ,IGF2,2
7172,SCZ,IGFBP6,3
7176,SCZ,IGIP,2
7182,SCZ,IKZF5,3
7186,SCZ,IL13RA2,2
7197,SCZ,IL1RL1,2
7213,SCZ,INPP5D,2
7215,SCZ,INSIG2,2
7218,SCZ,INTU,3
7230,SCZ,IRF6,2
7237,SCZ,ISLR,2
7246,SCZ,ITGAX,2
7251,SCZ,ITIH2,2
7254,SCZ,ITM2A,2
7261,SCZ,IVNS1ABP,2
7274,SCZ,JMY,2
7276,SCZ,JRKL,2
7277,SCZ,KAL1,2
7278,SCZ,KANK4,2
7279,SCZ,KAZALD1,2
7288,SCZ,KCNA1,2
7289,SCZ,KCNA2,2
7294,SCZ,KCNC3,2
7305,SCZ,KCNJ6,2
7307,SCZ,KCNK1,3
7312,SCZ,KCNN1,2
7328,SCZ,KDM1B,2
7332,SCZ,KDM5A,2
7336,SCZ,KIAA0196,2
7339,SCZ,KIAA0922,2
7371,SCZ,KLF13,2
7373,SCZ,KLF5,2
7374,SCZ,KLHDC8B,2
7385,SCZ,KNDC1,2
7386,SCZ,KPNA5,2
7399,SCZ,L3MBTL3,2
7400,SCZ,L3MBTL4,2
7402,SCZ,LACTB,2
7407,SCZ,LAMTOR1,2
7409,SCZ,LANCL1,2
7420,SCZ,LCMT2,2
7435,SCZ,LEPROTL1,2
7468,SCZ,LINC00473,2
7473,SCZ,LINC00623,2
7475,SCZ,LINC00634,2
7514,SCZ,LMO2,2
7520,SCZ,LONRF3,2
7521,SCZ,LOX,3
7525,SCZ,LPAR6,2
7531,SCZ,LPL,2
7547,SCZ,LRRC17,2
7561,SCZ,LRRC8D,2
7562,SCZ,LRRIQ1,2
7565,SCZ,LRTM2,2
7571,SCZ,LST1,2
7583,SCZ,LYNX1,2
7587,SCZ,LYRM4,2
7604,SCZ,MAMLD1,2
7625,SCZ,MAP4K2,2
7635,SCZ,MARCH2,2
7655,SCZ,MC4R,3
7667,SCZ,MCRS1,2
7680,SCZ,MED28,3
7689,SCZ,MEIS3,2
7711,SCZ,MFSD6,2
7712,SCZ,MGA,3
7719,SCZ,MGEA5,2
7729,SCZ,MIER1,2
7760,SCZ,MMAA,2
7769,SCZ,MOB1B,2
7775,SCZ,MOSPD2,2
7776,SCZ,MPC1,2
7777,SCZ,MPDU1,2
7788,SCZ,MREG,2
7790,SCZ,MRGBP,2
7799,SCZ,MRPS30,2
7824,SCZ,MTDH,2
7835,SCZ,MTMR11,2
7837,SCZ,MTMR2,2
7849,SCZ,MXD1,2
7851,SCZ,MYADML2,2
7858,SCZ,MYL5,2
7860,SCZ,MYO16,2
7868,SCZ,N4BP2,4
7869,SCZ,N4BP3,2
7875,SCZ,NABP1,2
7880,SCZ,NANOS1,2
7902,SCZ,NDRG3,2
7914,SCZ,NECAB3,2
7927,SCZ,NEURL1B,2
7930,SCZ,NEUROD6,2
7943,SCZ,NGB,2
7949,SCZ,NICN1,2
7957,SCZ,NIT2,2
7975,SCZ,NOL4,2
7992,SCZ,NPHP1,2
8009,SCZ,NR4A2,2
8043,SCZ,NUDT18,2
8045,SCZ,NUDT22,2
8054,SCZ,NUS1,2
8059,SCZ,NXNL2,2
8069,SCZ,OLFM1,2
8074,SCZ,OLR1,2
8075,SCZ,OMG,2
8083,SCZ,OR1H1P,2
8104,SCZ,OTUD4,2
8115,SCZ,P4HA1,2
8132,SCZ,PANX2,2
8134,SCZ,PAPD5,2
8135,SCZ,PAPLN,2
8143,SCZ,PARD6G,2
8144,SCZ,PARM1,2
8147,SCZ,PASK,2
8155,SCZ,PCBP3,2
8182,SCZ,PDDC1,2
8202,SCZ,PDYN,2
8205,SCZ,PEG10,3
8214,SCZ,PFDN1,2
8218,SCZ,PGBD2,2
8223,SCZ,PGP,3
8227,SCZ,PHC3,2
8265,SCZ,PIP5KL1,2
8272,SCZ,PKMP3,2
8273,SCZ,PKMYT1,2
8285,SCZ,PLCG2,2
8289,SCZ,PLD4,2
8321,SCZ,PLXNC1,2
8322,SCZ,PM20D2,2
8324,SCZ,PMEPA1,2
8325,SCZ,PMF1,2
8340,SCZ,POGLUT1,2
8358,SCZ,PPAT,2
8362,SCZ,PPIL6,2
8370,SCZ,PPP1R12C,2
8376,SCZ,PPP1R1B,2
8397,SCZ,PRICKLE2,2
8403,SCZ,PRKCDBP,2
8417,SCZ,PRODH,2
8430,SCZ,PRRC1,2
8432,SCZ,PRRT3,2
8434,SCZ,PRSS35,2
8452,SCZ,PTBP3,2
8454,SCZ,PTER,2
8457,SCZ,PTGS1,2
8471,SCZ,PTPRE,2
8476,SCZ,PTRHD1,2
8496,SCZ,QARS,2
8502,SCZ,RAB11FIP1,2
8507,SCZ,RAB21,2
8508,SCZ,RAB22A,2
8515,SCZ,RAB3C,2
8518,SCZ,RAB40C,2
8537,SCZ,RAMP2,2
8538,SCZ,RAMP3,2
8571,SCZ,RBMX2,2
8575,SCZ,RC3H1,2
8580,SCZ,RCN1,2
8583,SCZ,RCSD1,2
8589,SCZ,REEP2,2
8597,SCZ,RERGL,2
8605,SCZ,RFX3,2
8615,SCZ,RGS10,2
8630,SCZ,RHOC,2
8635,SCZ,RIMKLA,2
8643,SCZ,RLIM,2
8650,SCZ,RNASE1,2
8653,SCZ,RNF111,2
8654,SCZ,RNF112,2
8657,SCZ,RNF123,2
8668,SCZ,RNF166,2
8677,SCZ,RNF6,2
8684,SCZ,RORA,2
9026,SCZ,RPE,2
9031,SCZ,RPL23AP79,2
9048,SCZ,RPS6KA4,2
9058,SCZ,RSBN1,2
9063,SCZ,RSPH9,2
9068,SCZ,RTN4R,2
9075,SCZ,RYBP,2
9096,SCZ,SAPCD2,2
9102,SCZ,SATB2-AS1,2
9103,SCZ,SBF2,2
9120,SCZ,SCN1B,4
9122,SCZ,SCN9A,3
9127,SCZ,SCRT1,2
9129,SCZ,SDC2,2
9141,SCZ,SEC14L5,2
9144,SCZ,SEC63,2
9150,SCZ,SELPLG,3
9153,SCZ,SEMA3G,2
9157,SCZ,SEMA7A,3
9167,SCZ,SEPW1,2
9176,SCZ,SERTAD4,3
9177,SCZ,SERTAD4-AS1,2
9178,SCZ,SERTM1,2
9198,SCZ,SGMS2,2
9204,SCZ,SH3BP1,3
9235,SCZ,SKIDA1,2
9240,SCZ,SLC12A2,2
9247,SCZ,SLC16A2,2
9271,SCZ,SLC25A30,2
9275,SCZ,SLC25A45,2
9276,SCZ,SLC25A46,2
9280,SCZ,SLC26A11,2
9284,SCZ,SLC27A4,2
9289,SCZ,SLC2A11,2
9294,SCZ,SLC30A10,2
9299,SCZ,SLC35B2,2
9302,SCZ,SLC35F2,2
9303,SCZ,SLC35F3,2
9304,SCZ,SLC35G1,2
9308,SCZ,SLC38A5,2
9327,SCZ,SLC48A1,2
9330,SCZ,SLC4A8,2
9334,SCZ,SLC6A11,2
9336,SCZ,SLC6A13,2
9339,SCZ,SLC7A3,2
9347,SCZ,SLCO2A1,2
9355,SCZ,SLITRK4,2
9399,SCZ,SNX22,2
9407,SCZ,SOCS2,2
9431,SCZ,SPAG17,2
9444,SCZ,SPHK2,2
9445,SCZ,SPICE1,2
9471,SCZ,SRD5A1,2
9481,SCZ,SRSF2,2
9482,SCZ,SRSF6,2
9483,SCZ,SSBP4,2
9496,SCZ,ST6GAL1,2
9498,SCZ,ST6GALNAC1,2
9531,SCZ,STON2,2
9549,SCZ,SUMF2,2
9558,SCZ,SYK,2
9560,SCZ,SYNDIG1,3
9568,SCZ,SYT10,2
9572,SCZ,SYT2,2
9579,SCZ,TACC3,2
9582,SCZ,TAF10,2
9588,SCZ,TAGAP,2
9590,SCZ,TAL1,2
9619,SCZ,TBXAS1,2
9628,SCZ,TCTA,2
9640,SCZ,TENM3,2
9682,SCZ,TIMP2,4
9684,SCZ,TINCR,3
9692,SCZ,TLK1,2
9713,SCZ,TMEM106C,2
9716,SCZ,TMEM119,2
9718,SCZ,TMEM125,2
9727,SCZ,TMEM155,2
9732,SCZ,TMEM169,2
9747,SCZ,TMEM196,2
9749,SCZ,TMEM200B,3
9758,SCZ,TMEM235,2
9762,SCZ,TMEM26,2
9765,SCZ,TMEM38A,3
9806,SCZ,TNFRSF18,2
9818,SCZ,TNNT1,2
9822,SCZ,TNS3,2
9850,SCZ,TRAF5,2
9858,SCZ,TRAPPC2L,2
9887,SCZ,TRMT61A,2
9891,SCZ,TRPC4,2
9902,SCZ,TSPAN2,2
9903,SCZ,TSPAN33,2
9913,SCZ,TTBK2,2
9940,SCZ,TUBGCP6,2
9946,SCZ,TXLNG,2
9948,SCZ,TXNDC17,2
9956,SCZ,TYW5,2
9958,SCZ,UBA3,2
9970,SCZ,UBL7,2
9988,SCZ,ULK3,3
10006,SCZ,UQCRQ,2
10023,SCZ,USP46,2
10037,SCZ,VAT1L,2
10040,SCZ,VCPIP1,2
10068,SCZ,VWA7,3
10069,SCZ,VWC2,2
10073,SCZ,WASL,2
10082,SCZ,WDR1,2
10102,SCZ,WNT2,2
10105,SCZ,WNT9A,2
10109,SCZ,WWC2,2
10118,SCZ,XXYLT1,2
10131,SCZ,YPEL1,2
10148,SCZ,ZBTB8B,2
10154,SCZ,ZC3HAV1,2
10165,SCZ,ZDHHC24,2
10196,SCZ,ZNF134,2
10207,SCZ,ZNF215,2
10227,SCZ,ZNF33A,2
10250,SCZ,ZNF483,4
10251,SCZ,ZNF491,2
10257,SCZ,ZNF518B,2
10274,SCZ,ZNF596,2
10275,SCZ,ZNF615,2
10280,SCZ,ZNF654,2
10295,SCZ,ZNF747,2
10298,SCZ,ZNF770,2
10305,SCZ,ZNF808,2
10307,SCZ,ZNF815P,2
10309,SCZ,ZNF827,2
10310,SCZ,ZNF831,3
10321,SCZ,ZSCAN1,2
